name,tenured_total,ind_tenured,ind_men_tenured,ind_women_tenured,asian_tenured,asian_men_tenured,asian_women_tenured,black_tenured,black_men_tenured,black_women_tenured,his_tenured,his_men_tenured,his_women_tenured,pi_tenured,pi_men_tenured,pi_women_tenured,white_tenured,white_men_tenured,white_women_tenured,multi_tenured,multi_men_tenured,multi_women_tenured,unknown_tenured,unknown_men_tenured,unknown_women_tenured,student_total,ind_student,ind_men_student,ind_women_student,asian_student,asian_men_student,asian_women_student,black_student,black_men_student,black_women_student,his_student,his_men_student,his_women_student,pi_student,pi_men_student,pi_women_student,white_student,white_men_student,white_women_student,multi_student,multi_men_student,multi_women_student,unknown_student,unknown_men_student,unknown_women_student
ABC Beauty Academy,,,,,,,,,,,,,,,,,,,,,,,,,,,,,,,,,,,,,,,,,,,,,,,,,,
Abilene Christian University,137,1,1,0,1,1,0,6,4,2,4,2,2,0,0,0,122,92,30,3,2,1,0,0,0,3758,12,5,7,42,15,27,338,158,180,616,234,382,4,3,1,2402,969,1433,185,87,98,10,4,6
Academy of Hair Design-Beaumont,,,,,,,,,,,,,,,,,,,,,,,,,,60,0,0,0,7,0,7,22,0,22,4,1,3,0,0,0,27,0,27,0,0,0,0,0,0
Academy of Hair Design-Jasper,,,,,,,,,,,,,,,,,,,,,,,,,,38,0,0,0,0,0,0,12,2,10,0,0,0,0,0,0,26,6,20,0,0,0,0,0,0
Academy of Hair Design-Lufkin,,,,,,,,,,,,,,,,,,,,,,,,,,82,0,0,0,0,0,0,25,6,19,20,4,16,0,0,0,35,2,33,2,2,0,0,0,0
Advanced Barber College and Hair Design,,,,,,,,,,,,,,,,,,,,,,,,,,223,0,0,0,0,0,0,0,0,0,223,142,81,0,0,0,0,0,0,0,0,0,0,0,0
Advanced Beauty College,,,,,,,,,,,,,,,,,,,,,,,,,,37,0,0,0,23,0,23,0,0,0,12,0,12,0,0,0,0,0,0,0,0,0,2,0,2
Alamo City Barber College,,,,,,,,,,,,,,,,,,,,,,,,,,178,0,0,0,9,9,0,40,33,7,119,98,21,2,2,0,6,6,0,0,0,0,2,2,0
Alamo Community College District Central Office,,,,,,,,,,,,,,,,,,,,,,,,,,,,,,,,,,,,,,,,,,,,,,,,,,
Allgood Beauty Institute,,,,,,,,,,,,,,,,,,,,,,,,,,,,,,,,,,,,,,,,,,,,,,,,,,
Altierus Career College-Bissonnet,,,,,,,,,,,,,,,,,,,,,,,,,,486,0,0,0,20,10,10,201,97,104,205,83,122,0,0,0,35,16,19,6,1,5,19,7,12
Alvin Community College,63,0,0,0,1,0,1,1,1,0,2,2,0,0,0,0,59,29,30,0,0,0,0,0,0,5677,36,17,19,340,153,187,753,342,411,1748,751,997,16,13,3,2654,1122,1532,0,0,0,77,38,39
Amarillo College,47,0,0,0,0,0,0,0,0,0,0,0,0,0,0,0,47,19,28,0,0,0,0,0,0,10195,56,17,39,287,118,169,499,192,307,4090,1508,2582,6,2,4,4963,1891,3072,179,57,122,115,51,64
Amberton University,,,,,,,,,,,,,,,,,,,,,,,,,,215,0,0,0,26,10,16,60,21,39,21,8,13,1,0,1,99,36,63,0,0,0,8,3,5
American College of Acupuncture and Oriental Med,,,,,,,,,,,,,,,,,,,,,,,,,,,,,,,,,,,,,,,,,,,,,,,,,,
American InterContinental University-Houston,,,,,,,,,,,,,,,,,,,,,,,,,,335,3,1,2,5,3,2,128,58,70,38,12,26,2,2,0,17,10,7,3,0,3,139,61,78
Angelina College,,,,,,,,,,,,,,,,,,,,,,,,,,5061,26,12,14,45,18,27,652,197,455,1154,469,685,1,0,1,3025,1113,1912,154,62,92,2,1,1
Angelo State University,123,2,1,1,6,4,2,5,2,3,8,3,5,0,0,0,102,70,32,0,0,0,0,0,0,8032,34,13,21,104,51,53,528,290,238,2605,1085,1520,8,4,4,4276,1947,2329,228,101,127,6,5,1
Ann Webb Skin Institute,,,,,,,,,,,,,,,,,,,,,,,,,,,,,,,,,,,,,,,,,,,,,,,,,,
AOMA Graduate School of Integrative Medicine,,,,,,,,,,,,,,,,,,,,,,,,,,,,,,,,,,,,,,,,,,,,,,,,,,
Arizona College-Dallas,,,,,,,,,,,,,,,,,,,,,,,,,,,,,,,,,,,,,,,,,,,,,,,,,,
Arlington Baptist University,,,,,,,,,,,,,,,,,,,,,,,,,,181,4,0,4,1,0,1,44,27,17,19,14,5,1,1,0,111,59,52,0,0,0,1,0,1
Arlington Career Institute,,,,,,,,,,,,,,,,,,,,,,,,,,239,0,0,0,1,0,1,77,8,69,88,2,86,0,0,0,73,2,71,0,0,0,0,0,0
Astrodome Career Centers,,,,,,,,,,,,,,,,,,,,,,,,,,65,0,0,0,0,0,0,8,1,7,56,3,53,0,0,0,1,1,0,0,0,0,0,0,0
Auguste Escoffier School of Culinary Arts-Austin,,,,,,,,,,,,,,,,,,,,,,,,,,385,2,1,1,2,1,1,29,16,13,82,45,37,1,0,1,89,46,43,48,26,22,132,70,62
Austin College,64,1,1,0,1,0,1,1,0,1,5,2,3,0,0,0,55,41,14,0,0,0,0,0,0,1262,12,10,2,178,70,108,99,55,44,243,116,127,2,0,2,653,327,326,37,18,19,1,1,0
Austin Community College District,,,,,,,,,,,,,,,,,,,,,,,,,,41543,335,168,167,2171,978,1193,3063,1240,1823,14840,6380,8460,82,45,37,18503,8664,9839,1509,757,752,362,166,196
Austin Graduate School of Theology,,,,,,,,,,,,,,,,,,,,,,,,,,20,0,0,0,0,0,0,12,5,7,1,1,0,0,0,0,7,5,2,0,0,0,0,0,0
Austin Presbyterian Theological Seminary,12,0,0,0,0,0,0,1,0,1,1,1,0,0,0,0,10,7,3,0,0,0,0,0,0,,,,,,,,,,,,,,,,,,,,,,,,,
Aveda Arts & Sciences Institute-San Antonio,,,,,,,,,,,,,,,,,,,,,,,,,,187,0,0,0,3,0,3,11,0,11,80,7,73,0,0,0,91,4,87,0,0,0,2,0,2
Avenue Five Institute,,,,,,,,,,,,,,,,,,,,,,,,,,263,1,0,1,3,0,3,14,1,13,42,3,39,0,0,0,111,8,103,28,2,26,64,9,55
Avenue Five Institute-South Austin Campus,,,,,,,,,,,,,,,,,,,,,,,,,,,,,,,,,,,,,,,,,,,,,,,,,,
Aviation Institute of Maintenance-Dallas,,,,,,,,,,,,,,,,,,,,,,,,,,539,2,2,0,37,36,1,157,147,10,121,114,7,3,3,0,174,166,8,38,33,5,7,6,1
Aviation Institute of Maintenance-Houston,,,,,,,,,,,,,,,,,,,,,,,,,,263,2,2,0,21,20,1,56,50,6,89,82,7,1,1,0,66,62,4,19,17,2,9,9,0
Bakke Graduate University,,,,,,,,,,,,,,,,,,,,,,,,,,,,,,,,,,,,,,,,,,,,,,,,,,
Baldwin Beauty School-North Austin,,,,,,,,,,,,,,,,,,,,,,,,,,94,1,0,1,2,2,0,4,0,4,27,2,25,0,0,0,59,2,57,0,0,0,1,0,1
Baldwin Beauty School-South Austin,,,,,,,,,,,,,,,,,,,,,,,,,,67,0,0,0,2,0,2,4,1,3,18,1,17,0,0,0,42,1,41,0,0,0,1,0,1
Baptist Health System School of Health Professions,,,,,,,,,,,,,,,,,,,,,,,,,,643,4,0,4,38,15,23,52,8,44,255,54,201,7,1,6,262,54,208,25,2,23,0,0,0
Baptist Missionary Association Theological Seminary,,,,,,,,,,,,,,,,,,,,,,,,,,83,0,0,0,1,1,0,12,8,4,22,17,5,0,0,0,43,34,9,1,1,0,1,1,0
Baptist University of the Americas,2,0,0,0,0,0,0,0,0,0,2,1,1,0,0,0,0,0,0,0,0,0,0,0,0,231,0,0,0,4,4,0,3,3,0,153,72,81,0,0,0,13,6,7,0,0,0,0,0,0
Barber Institute of Texas,,,,,,,,,,,,,,,,,,,,,,,,,,6,0,0,0,0,0,0,3,3,0,1,1,0,0,0,0,2,2,0,0,0,0,0,0,0
Baylor College of Medicine,386,0,0,0,66,47,19,12,7,5,20,13,7,0,0,0,237,168,69,4,2,2,47,39,8,,,,,,,,,,,,,,,,,,,,,,,,,
Baylor University,502,1,1,0,28,22,6,11,5,6,17,13,4,1,1,0,428,318,110,10,8,2,0,0,0,14348,50,20,30,860,384,476,943,352,591,2113,835,1278,6,2,4,9166,3878,5288,658,288,370,36,16,20
Bella Cosmetology College,,,,,,,,,,,,,,,,,,,,,,,,,,58,0,0,0,0,0,0,0,0,0,10,2,8,1,0,1,47,0,47,0,0,0,0,0,0
BK Cosmo College of Cosmetology,,,,,,,,,,,,,,,,,,,,,,,,,,32,1,0,1,0,0,0,1,0,1,11,0,11,0,0,0,17,0,17,0,0,0,2,0,2
Blinn College,,,,,,,,,,,,,,,,,,,,,,,,,,19096,75,39,36,452,249,203,1854,938,916,4024,1866,2158,13,7,6,11648,5629,6019,599,290,309,296,171,125
Brazosport College,56,1,1,0,2,0,2,2,2,0,3,1,2,0,0,0,48,27,21,0,0,0,0,0,0,4315,7,3,4,47,25,22,299,150,149,1687,852,835,0,0,0,2062,1096,966,138,70,68,75,37,38
Brite Divinity School,14,0,0,0,2,1,1,2,0,2,2,2,0,0,0,0,8,5,3,0,0,0,0,0,0,,,,,,,,,,,,,,,,,,,,,,,,,
Brookhaven College,,,,,,,,,,,,,,,,,,,,,,,,,,12775,59,28,31,1283,663,620,2151,739,1412,5037,2059,2978,12,6,6,3367,1533,1834,214,78,136,592,298,294
Buckner Barber School,,,,,,,,,,,,,,,,,,,,,,,,,,27,0,0,0,0,0,0,17,15,2,10,8,2,0,0,0,0,0,0,0,0,0,0,0,0
Careers Institute of America,,,,,,,,,,,,,,,,,,,,,,,,,,,,,,,,,,,,,,,,,,,,,,,,,,
Carrington College-Mesquite,,,,,,,,,,,,,,,,,,,,,,,,,,142,1,1,0,3,1,2,58,11,47,52,1,51,0,0,0,26,0,26,2,0,2,0,0,0
CCI Training Center-Arlington,,,,,,,,,,,,,,,,,,,,,,,,,,187,2,0,2,8,5,3,102,40,62,15,7,8,11,0,11,40,26,14,2,1,1,7,5,2
Cedar Valley College,,,,,,,,,,,,,,,,,,,,,,,,,,7124,33,17,16,216,104,112,3256,1151,2105,1836,746,1090,8,3,5,1357,430,927,155,48,107,252,100,152
Center for Advanced Legal Studies,,,,,,,,,,,,,,,,,,,,,,,,,,210,0,0,0,3,0,3,56,8,48,67,6,61,0,0,0,83,11,72,0,0,0,0,0,0
Central Texas Beauty College-Round Rock,,,,,,,,,,,,,,,,,,,,,,,,,,122,0,0,0,5,3,2,23,4,19,39,4,35,2,0,2,43,6,37,10,0,10,0,0,0
Central Texas Beauty College-Temple,,,,,,,,,,,,,,,,,,,,,,,,,,133,2,0,2,4,1,3,18,1,17,30,4,26,1,0,1,45,2,43,10,0,10,23,15,8
Central Texas College,,,,,,,,,,,,,,,,,,,,,,,,,,18117,145,65,80,538,277,261,4857,2407,2450,4099,2062,2037,274,136,138,6777,3630,3147,780,350,430,547,307,240
CET-El Paso,,,,,,,,,,,,,,,,,,,,,,,,,,71,0,0,0,0,0,0,7,7,0,59,43,16,0,0,0,3,2,1,2,2,0,0,0,0
Chamberlain University-Texas,,,,,,,,,,,,,,,,,,,,,,,,,,868,0,0,0,134,29,105,306,47,259,158,18,140,6,0,6,185,22,163,6,1,5,69,6,63
Champion Beauty College,,,,,,,,,,,,,,,,,,,,,,,,,,29,0,0,0,2,0,2,7,0,7,8,1,7,0,0,0,12,0,12,0,0,0,0,0,0
Charles and Sues School of Hair Design,,,,,,,,,,,,,,,,,,,,,,,,,,10,0,0,0,0,0,0,1,0,1,3,0,3,0,0,0,6,0,6,0,0,0,0,0,0
Chicago School of Professional Psychology at Dallas,,,,,,,,,,,,,,,,,,,,,,,,,,,,,,,,,,,,,,,,,,,,,,,,,,
Christ Mission College,,,,,,,,,,,,,,,,,,,,,,,,,,,,,,,,,,,,,,,,,,,,,,,,,,
Cisco College,30,1,1,0,0,0,0,0,0,0,1,0,1,0,0,0,28,12,16,0,0,0,0,0,0,3244,16,4,12,75,33,42,286,129,157,732,286,446,2,1,1,1996,782,1214,100,30,70,6,2,4
Clarendon College,,,,,,,,,,,,,,,,,,,,,,,,,,1434,15,9,6,9,5,4,91,57,34,312,138,174,1,0,1,853,384,469,5,2,3,133,65,68
Coastal Bend College,,,,,,,,,,,,,,,,,,,,,,,,,,5043,7,2,5,24,16,8,100,44,56,3144,1226,1918,1,0,1,1697,711,986,29,17,12,34,14,20
College of Biblical Studies,,,,,,,,,,,,,,,,,,,,,,,,,,270,0,0,0,32,30,2,153,70,83,6,4,2,0,0,0,67,35,32,0,0,0,6,0,6
College of Biblical Studies-Houston,,,,,,,,,,,,,,,,,,,,,,,,,,445,0,0,0,8,5,3,222,119,103,133,67,66,0,0,0,62,37,25,14,10,4,6,5,1
College of the Mainland,53,2,0,2,3,1,2,4,1,3,4,2,2,0,0,0,40,26,14,0,0,0,0,0,0,3995,11,5,6,119,52,67,630,234,396,1144,492,652,4,2,2,2023,888,1135,0,0,0,46,21,25
Collin County Community College District,,,,,,,,,,,,,,,,,,,,,,,,,,29703,136,61,75,2884,1333,1551,3358,1316,2042,5690,2434,3256,63,31,32,14964,6925,8039,1127,492,635,280,138,142
Commonwealth Institute of Funeral Service,,,,,,,,,,,,,,,,,,,,,,,,,,258,3,0,3,1,1,0,63,19,44,57,16,41,0,0,0,133,49,84,1,1,0,0,0,0
Concorde Career College-Dallas,,,,,,,,,,,,,,,,,,,,,,,,,,734,3,0,3,25,9,16,284,38,246,185,17,168,0,0,0,178,19,159,18,0,18,41,5,36
Concorde Career College-Grand Prairie,,,,,,,,,,,,,,,,,,,,,,,,,,811,1,0,1,13,4,9,426,62,364,206,20,186,4,0,4,139,19,120,18,0,18,4,0,4
Concorde Career College-San Antonio,,,,,,,,,,,,,,,,,,,,,,,,,,622,2,0,2,9,0,9,64,17,47,424,57,367,5,1,4,109,22,87,4,0,4,5,0,5
Concordia University Texas,12,0,0,0,0,0,0,0,0,0,0,0,0,0,0,0,12,8,4,0,0,0,0,0,0,1779,13,5,8,53,16,37,215,78,137,541,194,347,6,4,2,766,280,486,29,11,18,147,61,86
Cortiva Institute-Arlington,,,,,,,,,,,,,,,,,,,,,,,,,,282,2,1,1,3,0,3,86,23,63,57,22,35,1,0,1,71,20,51,9,4,5,53,8,45
Cortiva Institute-Dallas,,,,,,,,,,,,,,,,,,,,,,,,,,347,3,1,2,9,3,6,111,40,71,85,16,69,0,0,0,97,23,74,6,1,5,36,5,31
Cortiva Institute-Houston,,,,,,,,,,,,,,,,,,,,,,,,,,276,1,1,0,2,1,1,99,33,66,75,24,51,0,0,0,63,24,39,6,0,6,30,11,19
Cosmetology Academy of Texarkana,,,,,,,,,,,,,,,,,,,,,,,,,,66,0,0,0,0,0,0,21,1,20,1,0,1,0,0,0,44,1,43,0,0,0,0,0,0
Cosmetology Career Center LLC,,,,,,,,,,,,,,,,,,,,,,,,,,306,1,0,1,3,0,3,57,2,55,70,4,66,1,0,1,153,10,143,16,1,15,2,0,2
Covenant School of Nursing and Allied Health,,,,,,,,,,,,,,,,,,,,,,,,,,299,1,1,0,7,3,4,16,5,11,77,16,61,0,0,0,176,19,157,10,0,10,12,6,6
Criswell College,,,,,,,,,,,,,,,,,,,,,,,,,,225,1,1,0,4,4,0,36,30,6,29,18,11,0,0,0,128,90,38,0,0,0,25,18,7
Culinary Institute Inc,,,,,,,,,,,,,,,,,,,,,,,,,,396,1,1,0,14,8,6,108,47,61,148,57,91,0,0,0,108,56,52,3,1,2,5,2,3
CyberTex Institute of Technology,,,,,,,,,,,,,,,,,,,,,,,,,,124,0,0,0,1,0,1,48,10,38,26,2,24,1,0,1,30,7,23,0,0,0,0,0,0
Dallas Baptist University,,,,,,,,,,,,,,,,,,,,,,,,,,3223,25,9,16,62,28,34,434,161,273,514,208,306,11,5,6,1881,772,1109,0,0,0,0,0,0
Dallas Barber & Stylist College,,,,,,,,,,,,,,,,,,,,,,,,,,130,0,0,0,0,0,0,103,81,22,23,21,2,0,0,0,4,4,0,0,0,0,0,0,0
Dallas Christian College,,,,,,,,,,,,,,,,,,,,,,,,,,248,2,2,0,2,1,1,60,33,27,39,19,20,1,0,1,113,66,47,14,10,4,13,11,2
Dallas County Community College District,,,,,,,,,,,,,,,,,,,,,,,,,,,,,,,,,,,,,,,,,,,,,,,,,,
Dallas Institute of Funeral Service,,,,,,,,,,,,,,,,,,,,,,,,,,95,0,0,0,3,0,3,33,20,13,22,8,14,0,0,0,37,19,18,0,0,0,0,0,0
Dallas Nursing Institute,,,,,,,,,,,,,,,,,,,,,,,,,,244,0,0,0,17,3,14,148,23,125,27,1,26,0,0,0,40,5,35,6,0,6,6,0,6
Dallas Theological Seminary,37,0,0,0,1,1,0,0,0,0,0,0,0,0,0,0,36,34,2,0,0,0,0,0,0,,,,,,,,,,,,,,,,,,,,,,,,,
Del Mar College,196,0,0,0,9,7,2,7,1,6,48,20,28,0,0,0,132,78,54,0,0,0,0,0,0,11689,28,13,15,205,86,119,342,172,170,7676,3250,4426,19,10,9,2960,1323,1637,412,185,227,34,12,22
Deluxe Barber College,,,,,,,,,,,,,,,,,,,,,,,,,,,,,,,,,,,,,,,,,,,,,,,,,,
DeVry University-Texas,,,,,,,,,,,,,,,,,,,,,,,,,,852,3,1,2,21,12,9,194,119,75,238,154,84,6,6,0,310,233,77,9,6,3,65,42,23
Diamonds Cosmetology College,,,,,,,,,,,,,,,,,,,,,,,,,,40,1,0,1,0,0,0,5,1,4,4,0,4,1,0,1,28,3,25,0,0,0,1,0,1
DuVall's School of Cosmetology,,,,,,,,,,,,,,,,,,,,,,,,,,88,1,0,1,2,0,2,11,0,11,12,0,12,1,0,1,50,1,49,9,1,8,2,0,2
East Texas Baptist University,1,0,0,0,0,0,0,0,0,0,0,0,0,0,0,0,1,1,0,0,0,0,0,0,0,1339,3,2,1,3,2,1,276,159,117,120,48,72,5,4,1,868,388,480,47,26,21,6,3,3
Eastfield College,,,,,,,,,,,,,,,,,,,,,,,,,,15029,46,17,29,669,336,333,3253,1049,2204,6916,2780,4136,40,22,18,3269,1405,1864,257,110,147,553,239,314
El Centro College,,,,,,,,,,,,,,,,,,,,,,,,,,10750,53,18,35,632,245,387,2605,772,1833,4891,1636,3255,8,3,5,1889,670,1219,194,70,124,453,175,278
El Paso Community College,220,0,0,0,2,1,1,6,2,4,103,53,50,0,0,0,101,46,55,0,0,0,0,0,0,29460,69,30,39,197,80,117,676,328,348,25141,10875,14266,48,23,25,2276,1030,1246,35,14,21,470,199,271
Episcopal Theological Seminary of the Southwest,5,0,0,0,0,0,0,0,0,0,0,0,0,0,0,0,5,5,0,0,0,0,0,0,0,,,,,,,,,,,,,,,,,,,,,,,,,
Exposito School of Hair Design,,,,,,,,,,,,,,,,,,,,,,,,,,37,0,0,0,0,0,0,1,0,1,11,0,11,0,0,0,25,0,25,0,0,0,0,0,0
Florida Career College-Houston Campus,,,,,,,,,,,,,,,,,,,,,,,,,,557,1,0,1,3,1,2,337,133,204,120,56,64,1,0,1,35,18,17,11,5,6,49,25,24
Fort Worth Beauty School,,,,,,,,,,,,,,,,,,,,,,,,,,58,0,0,0,1,0,1,2,1,1,10,0,10,0,0,0,45,3,42,0,0,0,0,0,0
Fortis College,,,,,,,,,,,,,,,,,,,,,,,,,,280,2,2,0,7,3,4,72,21,51,51,18,33,0,0,0,9,2,7,0,0,0,138,45,93
Fortis College-Grand Prairie,,,,,,,,,,,,,,,,,,,,,,,,,,154,0,0,0,4,3,1,63,9,54,51,0,51,0,0,0,24,7,17,3,2,1,1,0,1
Fortis Institute,,,,,,,,,,,,,,,,,,,,,,,,,,456,6,2,4,5,2,3,216,71,145,180,51,129,0,0,0,39,16,23,4,2,2,6,4,2
Frank Phillips College,,,,,,,,,,,,,,,,,,,,,,,,,,1556,22,11,11,4,2,2,55,33,22,561,232,329,0,0,0,857,353,504,0,0,0,35,19,16
GA Beauty & Barber School,,,,,,,,,,,,,,,,,,,,,,,,,,,,,,,,,,,,,,,,,,,,,,,,,,
Galen College of Nursing-San Antonio,,,,,,,,,,,,,,,,,,,,,,,,,,1204,1,0,1,49,11,38,142,26,116,448,77,371,5,0,5,404,59,345,80,9,71,75,16,59
Galveston College,23,1,1,0,1,1,0,3,1,2,3,1,2,0,0,0,15,8,7,0,0,0,0,0,0,2201,8,3,5,48,25,23,314,121,193,822,336,486,4,2,2,926,389,537,10,7,3,46,24,22
Gemini School of Visual Arts & Communication,,,,,,,,,,,,,,,,,,,,,,,,,,21,0,0,0,0,0,0,4,2,2,3,2,1,0,0,0,14,4,10,0,0,0,0,0,0
Grace School of Theology,,,,,,,,,,,,,,,,,,,,,,,,,,121,0,0,0,1,1,0,19,11,8,7,6,1,0,0,0,32,27,5,1,1,0,4,4,0
Grayson College,,,,,,,,,,,,,,,,,,,,,,,,,,4600,183,78,105,46,12,34,309,126,183,540,207,333,2,1,1,2772,1085,1687,0,0,0,727,320,407
Guidance College,,,,,,,,,,,,,,,,,,,,,,,,,,,,,,,,,,,,,,,,,,,,,,,,,,
Hallmark University,,,,,,,,,,,,,,,,,,,,,,,,,,913,27,11,16,18,10,8,118,84,34,436,288,148,10,7,3,254,181,73,40,22,18,9,7,2
Hands on Therapy,,,,,,,,,,,,,,,,,,,,,,,,,,53,0,0,0,0,0,0,12,4,8,12,3,9,0,0,0,26,3,23,1,1,0,2,1,1
Hardin-Simmons University,102,0,0,0,1,1,0,1,1,0,0,0,0,0,0,0,100,63,37,0,0,0,0,0,0,1708,4,2,2,19,9,10,118,75,43,293,121,172,3,1,2,1127,471,656,69,37,32,42,27,15
Hill College,,,,,,,,,,,,,,,,,,,,,,,,,,4075,24,13,11,29,13,16,218,91,127,920,385,535,12,4,8,2682,1057,1625,109,45,64,34,15,19
Houston Baptist University,,,,,,,,,,,,,,,,,,,,,,,,,,2332,8,4,4,235,92,143,423,154,269,764,264,500,6,2,4,610,243,367,90,32,58,115,44,71
Houston Barber School,,,,,,,,,,,,,,,,,,,,,,,,,,,,,,,,,,,,,,,,,,,,,,,,,,
Houston Community College,,,,,,,,,,,,,,,,,,,,,,,,,,57032,91,43,48,5566,2694,2872,16127,5794,10333,19050,8069,10981,105,48,57,7714,3737,3977,893,368,525,995,450,545
Houston Graduate School of Theology,,,,,,,,,,,,,,,,,,,,,,,,,,,,,,,,,,,,,,,,,,,,,,,,,,
Houston International College Cardiotech Ultrasound School,,,,,,,,,,,,,,,,,,,,,,,,,,69,0,0,0,20,4,16,22,9,13,15,3,12,0,0,0,12,0,12,0,0,0,0,0,0
Houston School of Carpentry,,,,,,,,,,,,,,,,,,,,,,,,,,,,,,,,,,,,,,,,,,,,,,,,,,
Houston Training School-Gulfgate,,,,,,,,,,,,,,,,,,,,,,,,,,129,0,0,0,0,0,0,34,1,33,95,1,94,0,0,0,0,0,0,0,0,0,0,0,0
Houston Training School-Main Campus,,,,,,,,,,,,,,,,,,,,,,,,,,97,0,0,0,0,0,0,22,0,22,74,3,71,0,0,0,1,0,1,0,0,0,0,0,0
Houston Training Schools-Gessner,,,,,,,,,,,,,,,,,,,,,,,,,,104,0,0,0,6,2,4,26,1,25,71,4,67,0,0,0,1,0,1,0,0,0,0,0,0
Howard College,,,,,,,,,,,,,,,,,,,,,,,,,,4448,28,17,11,37,19,18,139,73,66,2103,798,1305,7,2,5,2007,838,1169,85,31,54,19,12,7
Howard Payne University,2,0,0,0,0,0,0,0,0,0,0,0,0,0,0,0,2,1,1,0,0,0,0,0,0,1098,7,3,4,6,3,3,104,77,27,221,111,110,4,3,1,629,303,326,0,0,0,127,80,47
Huston-Tillotson University,11,0,0,0,0,0,0,5,1,4,0,0,0,0,0,0,6,4,2,0,0,0,0,0,0,965,2,0,2,3,0,3,625,258,367,249,101,148,0,0,0,46,25,21,2,0,2,7,2,5
Interactive College of Technology,,,,,,,,,,,,,,,,,,,,,,,,,,47,0,0,0,6,3,3,12,4,8,17,8,9,11,7,4,1,0,1,0,0,0,0,0,0
Interactive College of Technology,,,,,,,,,,,,,,,,,,,,,,,,,,27,0,0,0,0,0,0,0,0,0,25,7,18,0,0,0,2,0,2,0,0,0,0,0,0
Interactive College of Technology,,,,,,,,,,,,,,,,,,,,,,,,,,26,0,0,0,0,0,0,16,7,9,10,4,6,0,0,0,0,0,0,0,0,0,0,0,0
International Beauty College,,,,,,,,,,,,,,,,,,,,,,,,,,84,0,0,0,42,14,28,20,0,20,12,1,11,0,0,0,10,0,10,0,0,0,0,0,0
International Business College-El Paso,,,,,,,,,,,,,,,,,,,,,,,,,,42,0,0,0,0,0,0,3,2,1,36,14,22,0,0,0,3,2,1,0,0,0,0,0,0
International Business College-El Paso,,,,,,,,,,,,,,,,,,,,,,,,,,79,0,0,0,0,0,0,2,1,1,74,25,49,0,0,0,3,1,2,0,0,0,0,0,0
Jacksonville College-Main Campus,,,,,,,,,,,,,,,,,,,,,,,,,,559,1,0,1,1,0,1,77,29,48,223,105,118,0,0,0,216,86,130,14,6,8,9,5,4
Jarvis Christian College,7,0,0,0,2,2,0,2,1,1,1,1,0,0,0,0,2,2,0,0,0,0,0,0,0,868,3,3,0,2,1,1,710,332,378,85,52,33,1,0,1,40,26,14,0,0,0,18,8,10
Jay's Technical Institute,,,,,,,,,,,,,,,,,,,,,,,,,,218,0,0,0,0,0,0,199,124,75,17,13,4,0,0,0,2,2,0,0,0,0,0,0,0
K & G 5 Star Barber College,,,,,,,,,,,,,,,,,,,,,,,,,,23,0,0,0,0,0,0,21,18,3,0,0,0,0,0,0,2,2,0,0,0,0,0,0,0
KD Conservatory College of Film and Dramatic Arts,,,,,,,,,,,,,,,,,,,,,,,,,,117,0,0,0,4,2,2,39,23,16,21,11,10,2,1,1,34,19,15,9,5,4,8,4,4
Kilgore College,,,,,,,,,,,,,,,,,,,,,,,,,,5915,28,13,15,70,34,36,1284,536,748,1076,465,611,1,1,0,3072,1325,1747,202,90,112,83,38,45
Lamar Institute of Technology,64,0,0,0,0,0,0,3,1,2,5,3,2,0,0,0,56,24,32,0,0,0,0,0,0,2868,17,9,8,100,64,36,753,338,415,510,253,257,1,0,1,1431,840,591,39,21,18,17,11,6
Lamar State College-Orange,17,0,0,0,2,1,1,0,0,0,1,1,0,0,0,0,14,4,10,0,0,0,0,0,0,2338,34,19,15,45,18,27,426,103,323,152,65,87,3,0,3,1678,576,1102,0,0,0,0,0,0
Lamar State College-Port Arthur,25,0,0,0,0,0,0,4,1,3,0,0,0,0,0,0,21,7,14,0,0,0,0,0,0,2051,9,3,6,142,66,76,549,204,345,581,223,358,2,1,1,731,298,433,30,13,17,0,0,0
Lamar University,211,0,0,0,48,34,14,7,2,5,6,4,2,0,0,0,150,93,57,0,0,0,0,0,0,9308,35,14,21,445,208,237,2478,849,1629,1418,624,794,13,5,8,4477,1960,2517,224,96,128,89,34,55
Lamson Institute,,,,,,,,,,,,,,,,,,,,,,,,,,181,1,1,0,0,0,0,28,16,12,112,61,51,0,0,0,31,19,12,1,0,1,8,5,3
Laredo Beauty College Inc,,,,,,,,,,,,,,,,,,,,,,,,,,153,0,0,0,0,0,0,0,0,0,153,22,131,0,0,0,0,0,0,0,0,0,0,0,0
Laredo CHI Academy Beauty School,,,,,,,,,,,,,,,,,,,,,,,,,,42,0,0,0,0,0,0,1,0,1,41,2,39,0,0,0,0,0,0,0,0,0,0,0,0
Laredo College,125,1,0,1,2,1,1,1,0,1,99,56,43,0,0,0,20,12,8,1,1,0,1,1,0,9176,2,0,2,22,14,8,9,5,4,8987,3962,5025,2,0,2,104,52,52,0,0,0,39,26,13
Lee College,,,,,,,,,,,,,,,,,,,,,,,,,,7133,20,9,11,80,40,40,1104,617,487,2832,1482,1350,0,0,0,2827,1584,1243,146,69,77,95,43,52
LeTourneau University,42,1,1,0,1,1,0,0,0,0,1,1,0,0,0,0,38,30,8,1,1,0,0,0,0,2253,11,7,4,27,16,11,166,42,124,185,86,99,0,0,0,1153,682,471,81,40,41,556,273,283
Lincoln College of Technology-Grand Prairie,,,,,,,,,,,,,,,,,,,,,,,,,,888,3,3,0,8,8,0,139,134,5,392,383,9,2,2,0,268,258,10,18,18,0,58,55,3
Lone Star College System,,,,,,,,,,,,,,,,,,,,,,,,,,71551,162,77,85,4775,2312,2463,10355,3647,6708,27160,11267,15893,0,0,0,23105,9962,13143,2235,976,1259,2020,880,1140
Lubbock Christian University,59,0,0,0,0,0,0,0,0,0,2,2,0,0,0,0,57,31,26,0,0,0,0,0,0,1471,22,10,12,9,4,5,73,39,34,325,125,200,6,2,4,1013,394,619,0,0,0,0,0,0
M T Training Center,,,,,,,,,,,,,,,,,,,,,,,,,,73,0,0,0,3,3,0,55,50,5,10,9,1,0,0,0,4,4,0,0,0,0,1,1,0
Manuel and Theresa's School of Hair Design,,,,,,,,,,,,,,,,,,,,,,,,,,,,,,,,,,,,,,,,,,,,,,,,,,
Manuel and Theresa's School of Hair Design-Bryan,,,,,,,,,,,,,,,,,,,,,,,,,,33,0,0,0,0,0,0,8,0,8,15,2,13,0,0,0,10,1,9,0,0,0,0,0,0
Manuel and Theresa's School of Hair Design-Victoria,,,,,,,,,,,,,,,,,,,,,,,,,,22,0,0,0,0,0,0,1,1,0,15,2,13,0,0,0,6,1,5,0,0,0,0,0,0
McAllen Careers Institute,,,,,,,,,,,,,,,,,,,,,,,,,,,,,,,,,,,,,,,,,,,,,,,,,,
McLennan Community College,120,0,0,0,3,2,1,5,0,5,4,2,2,0,0,0,108,41,67,0,0,0,0,0,0,8799,31,11,20,126,65,61,1059,302,757,2631,879,1752,3,2,1,4602,1622,2980,253,80,173,94,39,55
McMurry University,46,1,1,0,1,0,1,0,0,0,4,1,3,0,0,0,40,30,10,0,0,0,0,0,0,1073,8,5,3,8,3,5,176,109,67,269,153,116,1,0,1,511,268,243,27,14,13,3,0,3
MediaTech Institute-Dallas,,,,,,,,,,,,,,,,,,,,,,,,,,185,0,0,0,3,3,0,94,77,17,26,23,3,2,2,0,48,41,7,12,11,1,0,0,0
MediaTech Institute-Houston,,,,,,,,,,,,,,,,,,,,,,,,,,108,0,0,0,0,0,0,70,64,6,15,11,4,0,0,0,22,18,4,1,1,0,0,0,0
Messenger College,,,,,,,,,,,,,,,,,,,,,,,,,,66,0,0,0,0,0,0,4,2,2,5,3,2,0,0,0,48,23,25,1,0,1,8,5,3
Miami International University of Art & Design-Art Institute Dallas,,,,,,,,,,,,,,,,,,,,,,,,,,838,3,1,2,28,11,17,149,67,82,221,104,117,17,7,10,288,158,130,33,14,19,81,37,44
Michael's Barber & Hair Stylist Academy,,,,,,,,,,,,,,,,,,,,,,,,,,,,,,,,,,,,,,,,,,,,,,,,,,
Mid Cities Barber College,,,,,,,,,,,,,,,,,,,,,,,,,,,,,,,,,,,,,,,,,,,,,,,,,,
Midland College,,,,,,,,,,,,,,,,,,,,,,,,,,5645,20,11,9,107,47,60,378,154,224,2677,1109,1568,13,3,10,2262,980,1282,92,40,52,96,52,44
Midwestern State University,110,1,0,1,8,6,2,1,0,1,3,2,1,0,0,0,89,56,33,1,1,0,1,0,1,5319,38,15,23,156,72,84,752,335,417,965,406,559,13,10,3,2706,1103,1603,208,73,135,27,17,10
Milan Institute of Cosmetology,,,,,,,,,,,,,,,,,,,,,,,,,,90,1,0,1,4,2,2,16,6,10,42,14,28,0,0,0,27,2,25,0,0,0,0,0,0
Milan Institute of Cosmetology-El Paso,,,,,,,,,,,,,,,,,,,,,,,,,,318,5,0,5,0,0,0,12,3,9,281,13,268,2,1,1,16,0,16,1,0,1,0,0,0
Milan Institute of Cosmetology-San Antonio Military,,,,,,,,,,,,,,,,,,,,,,,,,,168,0,0,0,1,0,1,22,2,20,115,6,109,0,0,0,19,0,19,0,0,0,11,1,10
Milan Institute-Amarillo,,,,,,,,,,,,,,,,,,,,,,,,,,119,0,0,0,0,0,0,12,1,11,68,2,66,2,1,1,30,2,28,7,2,5,0,0,0
Milan Institute-San Antonio Ingram,,,,,,,,,,,,,,,,,,,,,,,,,,317,1,0,1,6,0,6,49,6,43,204,19,185,2,0,2,42,8,34,10,3,7,3,2,1
Mission Beauty Institute,,,,,,,,,,,,,,,,,,,,,,,,,,26,0,0,0,5,1,4,0,0,0,21,0,21,0,0,0,0,0,0,0,0,0,0,0,0
Montana Barber Institute,,,,,,,,,,,,,,,,,,,,,,,,,,,,,,,,,,,,,,,,,,,,,,,,,,
Mountain View College,,,,,,,,,,,,,,,,,,,,,,,,,,9652,27,14,13,465,214,251,2022,758,1264,5591,2425,3166,3,1,2,980,481,499,122,47,75,314,136,178
Mystros Barber Academy,,,,,,,,,,,,,,,,,,,,,,,,,,,,,,,,,,,,,,,,,,,,,,,,,,
National American University-Austin,,,,,,,,,,,,,,,,,,,,,,,,,,94,0,0,0,5,0,5,38,3,35,15,2,13,1,0,1,29,10,19,1,0,1,5,0,5
National American University-Career Point College Teachout Site,,,,,,,,,,,,,,,,,,,,,,,,,,,,,,,,,,,,,,,,,,,,,,,,,,
National American University-Georgetown,,,,,,,,,,,,,,,,,,,,,,,,,,123,0,0,0,1,0,1,20,7,13,34,11,23,0,0,0,61,18,43,3,0,3,4,1,3
National American University-Killeen,,,,,,,,,,,,,,,,,,,,,,,,,,,,,,,,,,,,,,,,,,,,,,,,,,
National American University-Mesquite,,,,,,,,,,,,,,,,,,,,,,,,,,115,0,0,0,0,0,0,60,9,51,12,6,6,0,0,0,31,12,19,3,0,3,9,3,6
National American University-Richardson,,,,,,,,,,,,,,,,,,,,,,,,,,141,1,0,1,0,0,0,106,33,73,14,2,12,0,0,0,16,4,12,0,0,0,4,1,3
Natural Images Beauty College,,,,,,,,,,,,,,,,,,,,,,,,,,42,0,0,0,0,0,0,6,1,5,15,2,13,0,0,0,20,0,20,1,0,1,0,0,0
Navarro College,,,,,,,,,,,,,,,,,,,,,,,,,,9230,62,35,27,102,39,63,1599,720,879,1980,833,1147,22,12,10,5208,2184,3024,124,55,69,3,0,3
Neecee's Barber College,,,,,,,,,,,,,,,,,,,,,,,,,,25,0,0,0,0,0,0,6,1,5,7,1,6,0,0,0,10,1,9,1,0,1,1,0,1
Neilson Beauty College,,,,,,,,,,,,,,,,,,,,,,,,,,37,0,0,0,0,0,0,1,1,0,36,0,36,0,0,0,0,0,0,0,0,0,0,0,0
North American University,,,,,,,,,,,,,,,,,,,,,,,,,,437,0,0,0,16,10,6,71,50,21,81,39,42,0,0,0,40,24,16,8,6,2,17,12,5
North Central Texas College,,,,,,,,,,,,,,,,,,,,,,,,,,9610,62,21,41,257,126,131,822,329,493,2172,918,1254,13,4,9,5768,2546,3222,339,159,180,64,32,32
North Lake College,,,,,,,,,,,,,,,,,,,,,,,,,,10878,44,21,23,1659,903,756,1950,806,1144,4043,1752,2291,44,22,22,2367,1201,1166,210,95,115,491,230,261
Northeast Lakeview College,52,0,0,0,3,2,1,2,1,1,10,2,8,0,0,0,10,5,5,24,8,16,3,2,1,3484,8,3,5,110,47,63,281,137,144,1776,721,1055,5,4,1,1152,509,643,148,72,76,4,1,3
Northeast Texas Community College,,,,,,,,,,,,,,,,,,,,,,,,,,3021,21,8,13,28,12,16,327,125,202,860,373,487,2,1,1,1512,600,912,60,16,44,138,44,94
Northwest Educational Center,,,,,,,,,,,,,,,,,,,,,,,,,,246,0,0,0,4,1,3,60,8,52,149,13,136,0,0,0,8,0,8,0,0,0,3,0,3
Northwest Vista College,113,0,0,0,1,0,1,1,1,0,42,23,19,0,0,0,25,14,11,43,24,19,1,1,0,16793,21,12,9,550,272,278,877,422,455,10403,4594,5809,33,16,17,4169,1934,2235,589,261,328,83,45,38
Nuvani Institute,,,,,,,,,,,,,,,,,,,,,,,,,,30,0,0,0,0,0,0,8,0,8,15,3,12,0,0,0,7,0,7,0,0,0,0,0,0
Nuvani Institute,,,,,,,,,,,,,,,,,,,,,,,,,,58,0,0,0,2,0,2,12,2,10,36,1,35,0,0,0,8,0,8,0,0,0,0,0,0
Oblate School of Theology,,,,,,,,,,,,,,,,,,,,,,,,,,,,,,,,,,,,,,,,,,,,,,,,,,
Ocean Corporation,,,,,,,,,,,,,,,,,,,,,,,,,,229,1,1,0,6,6,0,60,55,5,47,45,2,2,2,0,104,99,5,9,9,0,0,0,0
Odessa College,10,0,0,0,0,0,0,0,0,0,0,0,0,0,0,0,10,5,5,0,0,0,0,0,0,6134,28,11,17,76,38,38,266,103,163,3752,1524,2228,12,4,8,1729,712,1017,53,19,34,146,69,77
Ogle School Hair Skin Nails-Arlington,,,,,,,,,,,,,,,,,,,,,,,,,,204,0,0,0,1,0,1,107,5,102,44,1,43,0,0,0,43,0,43,5,0,5,4,0,4
Ogle School Hair Skin Nails-Dallas,,,,,,,,,,,,,,,,,,,,,,,,,,274,1,0,1,3,0,3,144,3,141,77,2,75,0,0,0,36,3,33,8,0,8,5,0,5
Ogle School Hair Skin Nails-Denton,,,,,,,,,,,,,,,,,,,,,,,,,,144,2,2,0,0,0,0,11,0,11,28,1,27,0,0,0,91,5,86,12,1,11,0,0,0
Ogle School Hair Skin Nails-Ft Worth,,,,,,,,,,,,,,,,,,,,,,,,,,267,0,0,0,1,0,1,50,4,46,78,2,76,0,0,0,130,3,127,5,1,4,3,0,3
Ogle School Hair Skin Nails-Hurst,,,,,,,,,,,,,,,,,,,,,,,,,,165,1,0,1,4,0,4,43,2,41,44,3,41,5,0,5,49,0,49,5,0,5,14,1,13
Ogle School Hair Skin Nails-North Dallas,,,,,,,,,,,,,,,,,,,,,,,,,,190,0,0,0,3,0,3,72,4,68,40,2,38,0,0,0,59,4,55,13,1,12,3,0,3
Ogle School Hair Skin Nails-San Antonio,,,,,,,,,,,,,,,,,,,,,,,,,,233,1,0,1,0,0,0,22,3,19,100,9,91,0,0,0,21,1,20,11,0,11,78,5,73
Ogle School Hair Skin Nails-Stafford,,,,,,,,,,,,,,,,,,,,,,,,,,277,0,0,0,13,0,13,132,2,130,83,4,79,0,0,0,31,1,30,13,1,12,5,0,5
Our Lady of the Lake University,37,0,0,0,1,1,0,2,1,1,8,3,5,0,0,0,26,10,16,0,0,0,0,0,0,1351,3,1,2,4,0,4,105,35,70,1023,295,728,2,1,1,149,64,85,22,7,15,30,10,20
Palo Alto College,76,1,1,0,0,0,0,3,2,1,34,16,18,0,0,0,27,14,13,11,6,5,0,0,0,9108,16,5,11,55,23,32,234,116,118,7086,2801,4285,11,3,8,1522,631,891,156,70,86,19,8,11
Panola College,,,,,,,,,,,,,,,,,,,,,,,,,,2667,10,1,9,19,13,6,577,107,470,314,102,212,0,0,0,1653,560,1093,36,12,24,0,0,0
Paris Junior College,,,,,,,,,,,,,,,,,,,,,,,,,,4806,82,29,53,49,24,25,500,193,307,738,328,410,2,1,1,3359,1361,1998,49,23,26,5,1,4
Parker University,,,,,,,,,,,,,,,,,,,,,,,,,,261,1,0,1,18,5,13,77,21,56,52,15,37,2,1,1,107,26,81,2,1,1,2,0,2
Paul Mitchell the School-Arlington,,,,,,,,,,,,,,,,,,,,,,,,,,315,0,0,0,7,2,5,94,1,93,85,6,79,1,0,1,113,1,112,13,0,13,0,0,0
Paul Mitchell the School-Austin,,,,,,,,,,,,,,,,,,,,,,,,,,187,0,0,0,1,0,1,20,0,20,49,2,47,1,0,1,103,5,98,4,0,4,9,0,9
Paul Mitchell the School-Houston,,,,,,,,,,,,,,,,,,,,,,,,,,377,0,0,0,10,2,8,126,6,120,131,7,124,0,0,0,100,10,90,1,0,1,8,2,6
Paul Mitchell the School-San Antonio,,,,,,,,,,,,,,,,,,,,,,,,,,287,1,0,1,7,0,7,15,2,13,171,14,157,1,0,1,68,5,63,16,2,14,8,2,6
Paul Mitchell the School-Webster,,,,,,,,,,,,,,,,,,,,,,,,,,98,0,0,0,2,0,2,11,1,10,41,5,36,0,0,0,44,2,42,0,0,0,0,0,0
Paul Quinn College,,,,,,,,,,,,,,,,,,,,,,,,,,436,0,0,0,0,0,0,323,137,186,94,49,45,0,0,0,6,2,4,2,0,2,9,5,4
PCCenter,,,,,,,,,,,,,,,,,,,,,,,,,,37,0,0,0,0,0,0,26,8,18,5,0,5,0,0,0,6,4,2,0,0,0,0,0,0
PCI Health Training Center,,,,,,,,,,,,,,,,,,,,,,,,,,414,1,0,1,6,1,5,63,4,59,306,18,288,0,0,0,36,3,33,1,1,0,1,0,1
Peloton College,,,,,,,,,,,,,,,,,,,,,,,,,,57,0,0,0,0,0,0,36,8,28,12,3,9,0,0,0,9,4,5,0,0,0,0,0,0
Peloton College,,,,,,,,,,,,,,,,,,,,,,,,,,,,,,,,,,,,,,,,,,,,,,,,,,
Pima Medical Institute-El Paso,,,,,,,,,,,,,,,,,,,,,,,,,,154,1,0,1,1,0,1,2,0,2,139,29,110,0,0,0,8,1,7,3,2,1,0,0,0
Pima Medical Institute-Houston,,,,,,,,,,,,,,,,,,,,,,,,,,1005,2,0,2,75,32,43,169,28,141,524,64,460,1,0,1,193,24,169,17,3,14,24,5,19
Pima Medical Institution-San Antonio,,,,,,,,,,,,,,,,,,,,,,,,,,,,,,,,,,,,,,,,,,,,,,,,,,
Pipo Academy of Hair Design,,,,,,,,,,,,,,,,,,,,,,,,,,17,0,0,0,0,0,0,0,0,0,17,9,8,0,0,0,0,0,0,0,0,0,0,0,0
Platt College-Edge Tech Academy,,,,,,,,,,,,,,,,,,,,,,,,,,,,,,,,,,,,,,,,,,,,,,,,,,
Platt College-STVT-Corpus Christi,,,,,,,,,,,,,,,,,,,,,,,,,,314,1,1,0,1,1,0,15,5,10,239,131,108,0,0,0,58,35,23,0,0,0,0,0,0
Platt College-STVT-McAllen,,,,,,,,,,,,,,,,,,,,,,,,,,349,0,0,0,0,0,0,0,0,0,348,88,260,0,0,0,1,0,1,0,0,0,0,0,0
Platt College-STVT-San Antonio,,,,,,,,,,,,,,,,,,,,,,,,,,533,2,2,0,3,3,0,34,34,0,392,377,15,1,1,0,98,94,4,2,2,0,1,1,0
Prairie View A & M University,123,0,0,0,35,29,6,66,44,22,5,4,1,1,1,0,14,12,2,0,0,0,0,0,0,7417,27,13,14,192,113,79,6290,2437,3853,528,233,295,4,2,2,175,103,72,69,27,42,16,6,10
Preparing People Barber Styling College,,,,,,,,,,,,,,,,,,,,,,,,,,65,0,0,0,0,0,0,62,36,26,1,1,0,0,0,0,2,1,1,0,0,0,0,0,0
Professional Career Training Institute,,,,,,,,,,,,,,,,,,,,,,,,,,127,0,0,0,0,0,0,53,42,11,65,51,14,0,0,0,9,8,1,0,0,0,0,0,0
Quest College,,,,,,,,,,,,,,,,,,,,,,,,,,167,1,0,1,6,0,6,34,6,28,79,8,71,1,1,0,40,1,39,0,0,0,6,4,2
Ranger College,2,0,0,0,0,0,0,0,0,0,0,0,0,0,0,0,2,2,0,0,0,0,0,0,0,2258,5,2,3,0,0,0,106,59,47,252,117,135,12,9,3,1497,644,853,307,144,163,18,7,11
Remington College-Dallas Campus,,,,,,,,,,,,,,,,,,,,,,,,,,927,3,2,1,17,8,9,324,93,231,405,117,288,0,0,0,149,48,101,28,8,20,1,1,0
Remington College-Fort Worth Campus,,,,,,,,,,,,,,,,,,,,,,,,,,532,3,1,2,7,3,4,168,54,114,171,62,109,0,0,0,167,49,118,15,2,13,1,0,1
Remington College-Houston Southeast Campus,,,,,,,,,,,,,,,,,,,,,,,,,,388,1,0,1,6,2,4,113,31,82,142,26,116,0,0,0,103,12,91,23,5,18,0,0,0
Remington College-North Houston Campus,,,,,,,,,,,,,,,,,,,,,,,,,,563,1,0,1,4,2,2,243,38,205,247,37,210,1,1,0,45,6,39,17,0,17,5,1,4
Rice University,420,0,0,0,53,35,18,10,8,2,24,21,3,0,0,0,331,250,81,1,0,1,0,0,0,3893,4,1,3,938,450,488,268,136,132,556,317,239,3,2,1,1422,811,611,155,72,83,65,25,40
Richland College,,,,,,,,,,,,,,,,,,,,,,,,,,18106,52,24,28,2668,1330,1338,3489,1459,2030,6025,2646,3379,21,8,13,4448,2201,2247,318,126,192,1007,469,538
Rio Grande Valley College,,,,,,,,,,,,,,,,,,,,,,,,,,320,1,0,1,3,2,1,0,0,0,314,60,254,0,0,0,1,1,0,0,0,0,1,1,0
Saint Edward's University,79,0,0,0,1,1,0,2,0,2,5,1,4,0,0,0,70,34,36,1,1,0,0,0,0,4056,17,6,11,124,35,89,169,51,118,1681,614,1067,6,1,5,1502,612,890,141,48,93,96,40,56
Salon & Spa Institute,,,,,,,,,,,,,,,,,,,,,,,,,,64,0,0,0,0,0,0,0,0,0,64,5,59,0,0,0,0,0,0,0,0,0,0,0,0
Salon Boutique Academy,,,,,,,,,,,,,,,,,,,,,,,,,,119,0,0,0,7,0,7,28,2,26,46,3,43,0,0,0,38,0,38,0,0,0,0,0,0
Salon Professional Academy of San Antonio,,,,,,,,,,,,,,,,,,,,,,,,,,,,,,,,,,,,,,,,,,,,,,,,,,
Sam Houston State University,348,1,1,0,31,19,12,7,4,3,18,12,6,0,0,0,289,184,105,1,0,1,0,0,0,17902,95,37,58,298,118,180,3266,1132,2134,3921,1412,2509,27,13,14,9184,3701,5483,550,197,353,351,139,212
San Antonio College,233,0,0,0,9,3,6,9,3,6,68,30,38,5,1,4,98,60,38,42,13,29,2,0,2,19028,42,21,21,521,220,301,1269,555,714,11611,4638,6973,28,15,13,4770,2120,2650,597,242,355,24,8,16
San Jacinto Community College,,,,,,,,,,,,,,,,,,,,,,,,,,28998,55,25,30,1503,768,735,2745,1066,1679,15839,6734,9105,40,13,27,7398,3396,4002,515,231,284,336,154,182
School of Automotive Machinists & Technology,,,,,,,,,,,,,,,,,,,,,,,,,,166,2,2,0,2,2,0,12,12,0,25,25,0,0,0,0,121,120,1,3,3,0,0,0,0
Schreiner University,22,0,0,0,0,0,0,0,0,0,0,0,0,0,0,0,22,13,9,0,0,0,0,0,0,1237,3,0,3,11,3,8,40,14,26,438,179,259,0,0,0,565,250,315,19,6,13,150,68,82
Sebring Career Schools-Houston,,,,,,,,,,,,,,,,,,,,,,,,,,144,0,0,0,139,21,118,0,0,0,2,0,2,0,0,0,3,0,3,0,0,0,0,0,0
Sebring Career Schools-Huntsville,,,,,,,,,,,,,,,,,,,,,,,,,,48,0,0,0,0,0,0,17,5,12,9,2,7,0,0,0,22,0,22,0,0,0,0,0,0
Seguin Beauty School-New Braunfels,,,,,,,,,,,,,,,,,,,,,,,,,,29,0,0,0,0,0,0,1,0,1,15,0,15,0,0,0,13,0,13,0,0,0,0,0,0
Seguin Beauty School-Seguin,,,,,,,,,,,,,,,,,,,,,,,,,,29,0,0,0,0,0,0,0,0,0,20,2,18,0,0,0,9,0,9,0,0,0,0,0,0
South Plains College,187,0,0,0,0,0,0,3,1,2,11,7,4,0,0,0,168,92,76,5,1,4,0,0,0,9478,37,15,22,132,65,67,560,248,312,4162,1682,2480,2,1,1,4322,2053,2269,139,72,67,47,20,27
South Texas Barber College Inc,,,,,,,,,,,,,,,,,,,,,,,,,,44,0,0,0,0,0,0,3,3,0,40,33,7,0,0,0,1,1,0,0,0,0,0,0,0
South Texas College,,,,,,,,,,,,,,,,,,,,,,,,,,33700,16,9,7,289,145,144,90,42,48,31757,14020,17737,16,7,9,944,474,470,52,26,26,533,231,302
South Texas College of Law Houston,48,0,0,0,1,1,0,5,1,4,2,0,2,0,0,0,40,28,12,0,0,0,0,0,0,,,,,,,,,,,,,,,,,,,,,,,,,
South Texas Training Center,,,,,,,,,,,,,,,,,,,,,,,,,,47,0,0,0,0,0,0,0,0,0,47,3,44,0,0,0,0,0,0,0,0,0,0,0,0
South Texas Vocational Technical Institute-Brownsville,,,,,,,,,,,,,,,,,,,,,,,,,,223,0,0,0,0,0,0,1,1,0,218,62,156,0,0,0,4,1,3,0,0,0,0,0,0
South Texas Vocational Technical Institute-Weslaco,,,,,,,,,,,,,,,,,,,,,,,,,,326,0,0,0,0,0,0,0,0,0,319,147,172,1,1,0,6,3,3,0,0,0,0,0,0
South University-Austin,,,,,,,,,,,,,,,,,,,,,,,,,,376,3,1,2,14,3,11,76,19,57,132,35,97,3,2,1,137,44,93,0,0,0,8,2,6
Southeast Texas Career Institute,,,,,,,,,,,,,,,,,,,,,,,,,,130,1,0,1,1,0,1,6,0,6,9,0,9,0,0,0,112,2,110,1,0,1,0,0,0
Southern Careers Institute-Austin,,,,,,,,,,,,,,,,,,,,,,,,,,344,3,2,1,2,1,1,46,12,34,236,47,189,0,0,0,54,8,46,3,1,2,0,0,0
Southern Careers Institute-Brownsville,,,,,,,,,,,,,,,,,,,,,,,,,,444,0,0,0,1,1,0,8,4,4,417,128,289,1,0,1,17,5,12,0,0,0,0,0,0
Southern Careers Institute-Corpus Christi,,,,,,,,,,,,,,,,,,,,,,,,,,538,0,0,0,1,0,1,28,12,16,395,111,284,2,2,0,109,28,81,3,1,2,0,0,0
Southern Careers Institute-Harlingen,,,,,,,,,,,,,,,,,,,,,,,,,,449,0,0,0,1,0,1,2,1,1,430,194,236,0,0,0,15,8,7,0,0,0,1,1,0
Southern Careers Institute-Pharr,,,,,,,,,,,,,,,,,,,,,,,,,,691,0,0,0,0,0,0,3,3,0,669,265,404,0,0,0,18,10,8,1,0,1,0,0,0
Southern Careers Institute-San Antonio,,,,,,,,,,,,,,,,,,,,,,,,,,455,0,0,0,0,0,0,33,12,21,364,62,302,1,0,1,48,9,39,8,0,8,0,0,0
Southern Careers Institute-San Antonio,,,,,,,,,,,,,,,,,,,,,,,,,,581,2,2,0,11,7,4,66,42,24,372,194,178,3,2,1,113,65,48,12,7,5,1,0,1
Southern Careers Institute-Waco,,,,,,,,,,,,,,,,,,,,,,,,,,,,,,,,,,,,,,,,,,,,,,,,,,
Southern Methodist University,385,0,0,0,38,30,8,14,8,6,19,15,4,0,0,0,305,220,85,1,1,0,0,0,0,6521,20,6,14,424,206,218,321,167,154,719,340,379,4,1,3,4236,2115,2121,256,126,130,7,3,4
Southern Texas Careers Academy,,,,,,,,,,,,,,,,,,,,,,,,,,93,0,0,0,0,0,0,0,0,0,93,2,91,0,0,0,0,0,0,0,0,0,0,0,0
Southwest Collegiate Institute for the Deaf,,,,,,,,,,,,,,,,,,,,,,,,,,106,3,1,2,1,1,0,17,7,10,44,21,23,1,1,0,25,3,22,5,3,2,0,0,0
Southwest School of Business and Technical Careers-San Antonio,,,,,,,,,,,,,,,,,,,,,,,,,,68,0,0,0,0,0,0,16,0,16,32,6,26,0,0,0,20,1,19,0,0,0,0,0,0
Southwest Texas Junior College,29,0,0,0,1,0,1,0,0,0,11,9,2,0,0,0,17,6,11,0,0,0,0,0,0,6439,60,23,37,19,8,11,86,63,23,5429,2231,3198,3,2,1,773,378,395,21,17,4,48,23,25
Southwest University at El Paso,,,,,,,,,,,,,,,,,,,,,,,,,,1498,1,1,0,2,0,2,32,17,15,1410,525,885,6,5,1,45,21,24,0,0,0,2,0,2
Southwestern Adventist University,,,,,,,,,,,,,,,,,,,,,,,,,,785,1,0,1,31,17,14,125,51,74,356,144,212,16,11,5,171,72,99,28,15,13,7,3,4
Southwestern Assemblies of God University,,,,,,,,,,,,,,,,,,,,,,,,,,1774,79,42,37,16,6,10,217,144,73,363,170,193,11,5,6,1030,463,567,37,12,25,11,3,8
Southwestern Baptist Theological Seminary,,,,,,,,,,,,,,,,,,,,,,,,,,,,,,,,,,,,,,,,,,,,,,,,,,
Southwestern Christian College,,,,,,,,,,,,,,,,,,,,,,,,,,147,3,0,3,0,0,0,109,49,60,17,14,3,0,0,0,2,0,2,4,2,2,6,3,3
Southwestern University,79,1,1,0,2,1,1,2,1,1,8,4,4,0,0,0,65,34,31,0,0,0,1,1,0,1489,6,3,3,57,15,42,83,49,34,318,131,187,3,2,1,920,385,535,53,29,24,16,8,8
St Philip's College,96,1,0,1,1,1,0,13,7,6,27,14,13,0,0,0,32,19,13,22,12,10,0,0,0,11604,28,13,15,256,96,160,1062,443,619,6466,2802,3664,17,6,11,3194,1384,1810,382,153,229,134,59,75
St. Mary's University,131,1,1,0,10,9,1,4,3,1,16,11,5,1,1,0,99,61,38,0,0,0,0,0,0,2298,7,5,2,47,19,28,74,38,36,1550,662,888,2,1,1,328,170,158,17,7,10,67,29,38
Star College of Cosmetology 2,,,,,,,,,,,,,,,,,,,,,,,,,,83,0,0,0,0,0,0,21,3,18,20,1,19,0,0,0,42,0,42,0,0,0,0,0,0
Stephen F Austin State University,272,1,0,1,1,1,0,8,7,1,13,7,6,0,0,0,240,154,86,8,3,5,1,1,0,11058,55,20,35,141,50,91,2044,712,1332,1947,692,1255,6,2,4,6354,2346,4008,362,135,227,84,38,46
Strand Institute of Beauty & Esthetics,,,,,,,,,,,,,,,,,,,,,,,,,,,,,,,,,,,,,,,,,,,,,,,,,,
Strayer University-Texas,,,,,,,,,,,,,,,,,,,,,,,,,,1558,7,1,6,18,8,10,867,235,632,257,104,153,3,1,2,285,117,168,63,23,40,48,18,30
Sul Ross State University,52,1,1,0,1,1,0,2,2,0,9,6,3,0,0,0,37,22,15,1,0,1,0,0,0,2256,23,13,10,12,5,7,160,129,31,1467,529,938,3,2,1,560,253,307,0,0,0,30,10,20
Tarleton State University,130,2,2,0,7,5,2,1,0,1,6,5,1,0,0,0,112,77,35,1,1,0,1,1,0,11463,72,33,39,115,46,69,958,366,592,2176,799,1377,12,6,6,7664,2990,4674,355,126,229,78,44,34
Tarrant County College District,324,6,1,5,23,13,10,43,15,28,30,17,13,0,0,0,221,100,121,1,0,1,0,0,0,51350,190,84,106,3091,1507,1584,8835,3295,5540,16570,6754,9816,103,62,41,20111,8995,11116,1367,579,788,621,286,335
Temple College,70,0,0,0,1,1,0,0,0,0,5,1,4,0,0,0,62,28,34,0,0,0,0,0,0,4946,36,13,23,93,30,63,756,258,498,1372,489,883,19,9,10,2577,893,1684,17,7,10,69,20,49
Texarkana College,42,0,0,0,0,0,0,3,1,2,2,1,1,0,0,0,36,11,25,1,1,0,0,0,0,4296,26,8,18,57,27,30,842,235,607,317,131,186,6,3,3,2767,1150,1617,175,73,102,71,24,47
Texas A & M International University,70,0,0,0,15,11,4,1,1,0,23,18,5,0,0,0,30,19,11,0,0,0,0,0,0,6591,7,5,2,28,14,14,23,17,6,6242,2464,3778,2,1,1,137,65,72,22,7,15,16,8,8
Texas A & M University-College Station,1584,5,3,2,255,205,50,54,32,22,98,69,29,0,0,0,1136,865,271,4,4,0,23,18,5,50735,136,86,50,3179,1769,1410,1590,729,861,11441,5723,5718,58,28,30,31957,16493,15464,1539,759,780,81,49,32
Texas A & M University-Commerce,140,1,1,0,18,14,4,11,6,5,7,5,2,0,0,0,101,61,40,1,0,1,1,1,0,8318,60,32,28,145,72,73,1760,731,1029,1637,632,1005,15,6,9,3982,1533,2449,532,237,295,64,34,30
Texas A & M University-Corpus Christi,165,2,2,0,15,11,4,4,4,0,25,13,12,0,0,0,117,78,39,2,1,1,0,0,0,9960,21,10,11,249,114,135,664,284,380,4885,1890,2995,2,1,1,3621,1564,2057,109,49,60,168,78,90
Texas A & M University-Kingsville,164,2,2,0,24,20,4,6,6,0,26,18,8,0,0,0,103,71,32,0,0,0,0,0,0,6811,8,4,4,56,32,24,393,249,144,4991,2407,2584,10,5,5,1090,632,458,34,17,17,30,20,10
Texas A & M University-System Office,,,,,,,,,,,,,,,,,,,,,,,,,,,,,,,,,,,,,,,,,,,,,,,,,,
Texas A&M University-Central Texas,11,0,0,0,0,0,0,0,0,0,1,0,1,0,0,0,10,6,4,0,0,0,0,0,0,1967,10,5,5,56,27,29,464,160,304,432,165,267,13,5,8,827,336,491,130,46,84,30,17,13
Texas A&M University-San Antonio,41,0,0,0,3,3,0,1,0,1,8,3,5,0,0,0,29,13,16,0,0,0,0,0,0,4497,13,6,7,69,37,32,308,139,169,2951,1020,1931,6,3,3,936,389,547,83,34,49,49,15,34
Texas A&M University-Texarkana,22,0,0,0,1,1,0,1,1,0,1,0,1,0,0,0,19,11,8,0,0,0,0,0,0,1584,8,2,6,25,12,13,237,69,168,215,83,132,3,2,1,969,391,578,60,26,34,55,34,21
Texas Barber College,,,,,,,,,,,,,,,,,,,,,,,,,,631,0,0,0,2,2,0,460,385,75,148,129,19,1,0,1,20,16,4,0,0,0,0,0,0
Texas Beauty College,,,,,,,,,,,,,,,,,,,,,,,,,,49,0,0,0,40,8,32,0,0,0,7,1,6,0,0,0,0,0,0,0,0,0,2,0,2
Texas Chiropractic College Foundation Inc,,,,,,,,,,,,,,,,,,,,,,,,,,,,,,,,,,,,,,,,,,,,,,,,,,
Texas Christian University,308,1,0,1,21,16,5,10,4,6,8,6,2,0,0,0,268,176,92,0,0,0,0,0,0,8891,74,33,41,249,94,155,448,203,245,1098,426,672,18,8,10,6397,2470,3927,29,12,17,160,78,82
Texas College,,,,,,,,,,,,,,,,,,,,,,,,,,960,1,0,1,1,1,0,833,470,363,75,51,24,0,0,0,23,18,5,9,5,4,4,4,0
Texas College of Cosmetology-Abilene,,,,,,,,,,,,,,,,,,,,,,,,,,55,0,0,0,1,0,1,3,0,3,23,1,22,0,0,0,28,2,26,0,0,0,0,0,0
Texas College of Cosmetology-Lubbock,,,,,,,,,,,,,,,,,,,,,,,,,,33,0,0,0,0,0,0,1,0,1,18,1,17,0,0,0,13,0,13,1,0,1,0,0,0
Texas College of Cosmetology-San Angelo,,,,,,,,,,,,,,,,,,,,,,,,,,67,32,0,32,0,0,0,3,1,2,2,2,0,0,0,0,30,4,26,0,0,0,0,0,0
Texas Health and Science University,,,,,,,,,,,,,,,,,,,,,,,,,,14,0,0,0,5,2,3,2,2,0,0,0,0,0,0,0,0,0,0,0,0,0,7,3,4
Texas Health School,,,,,,,,,,,,,,,,,,,,,,,,,,132,0,0,0,10,8,2,40,7,33,51,4,47,3,0,3,28,4,24,0,0,0,0,0,0
Texas Healthtech Institute,,,,,,,,,,,,,,,,,,,,,,,,,,,,,,,,,,,,,,,,,,,,,,,,,,
Texas Lutheran University,48,0,0,0,1,0,1,1,1,0,1,0,1,0,0,0,44,26,18,0,0,0,1,1,0,1279,4,2,2,8,4,4,123,84,39,411,202,209,0,0,0,685,310,375,12,4,8,30,16,14
Texas Southern University,199,0,0,0,30,19,11,121,68,53,6,4,2,0,0,0,26,16,10,0,0,0,0,0,0,6562,60,25,35,132,51,81,5128,2057,3071,376,173,203,7,3,4,195,89,106,0,0,0,23,7,16
Texas Southmost College,,,,,,,,,,,,,,,,,,,,,,,,,,5062,1,1,0,23,14,9,7,4,3,4785,2041,2744,0,0,0,142,70,72,10,4,6,45,14,31
Texas State Technical College,,,,,,,,,,,,,,,,,,,,,,,,,,13249,30,20,10,77,48,29,838,557,281,7311,3988,3323,19,12,7,4359,3406,953,55,35,20,557,388,169
Texas State University,509,3,2,1,44,30,14,16,9,7,50,27,23,0,0,0,350,204,146,7,5,2,33,26,7,34244,99,48,51,771,347,424,3269,1405,1864,12304,5044,7260,59,25,34,16241,7155,9086,1188,497,691,126,66,60
Texas Tech University,756,3,2,1,46,37,9,21,10,11,42,26,16,1,1,0,528,375,153,4,4,0,0,0,0,29963,96,45,51,760,452,308,1895,1098,797,7278,3831,3447,42,24,18,17559,9504,8055,676,350,326,136,94,42
Texas Tech University Health Sciences Center,149,0,0,0,26,17,9,2,1,1,10,9,1,0,0,0,111,75,36,0,0,0,0,0,0,1544,12,1,11,81,25,56,131,20,111,256,47,209,0,0,0,927,103,824,0,0,0,137,15,122
Texas Tech University Health Sciences Center-El Paso,,,,,,,,,,,,,,,,,,,,,,,,,,,,,,,,,,,,,,,,,,,,,,,,,,
Texas Tech University System Administration,,,,,,,,,,,,,,,,,,,,,,,,,,,,,,,,,,,,,,,,,,,,,,,,,,
Texas Wesleyan University,77,0,0,0,5,3,2,1,1,0,5,3,2,0,0,0,65,30,35,1,1,0,0,0,0,1701,13,5,8,21,6,15,252,125,127,497,202,295,0,0,0,525,233,292,99,32,67,20,13,7
Texas Woman's University,209,1,0,1,23,10,13,7,1,6,6,2,4,2,1,1,170,45,125,0,0,0,0,0,0,10407,131,19,112,954,163,791,2045,145,1900,2943,353,2590,55,12,43,4126,592,3534,0,0,0,82,11,71
The Art Institute of Austin,,,,,,,,,,,,,,,,,,,,,,,,,,819,6,2,4,12,5,7,151,92,59,298,170,128,7,5,2,293,171,122,0,0,0,43,27,16
The Art Institute of Houston,,,,,,,,,,,,,,,,,,,,,,,,,,1364,12,8,4,44,26,18,438,242,196,455,238,217,8,6,2,300,152,148,0,0,0,36,19,17
The Art Institute of San Antonio,,,,,,,,,,,,,,,,,,,,,,,,,,910,10,7,3,8,2,6,140,73,67,463,254,209,8,6,2,255,121,134,2,1,1,16,9,7
The College of Health Care Professions-Austin,,,,,,,,,,,,,,,,,,,,,,,,,,316,4,2,2,2,0,2,32,9,23,166,25,141,0,0,0,53,9,44,1,0,1,58,10,48
The College of Health Care Professions-Dallas,,,,,,,,,,,,,,,,,,,,,,,,,,230,3,0,3,2,0,2,91,17,74,92,15,77,0,0,0,33,6,27,6,0,6,3,0,3
The College of Health Care Professions-Fort Worth,,,,,,,,,,,,,,,,,,,,,,,,,,586,1,1,0,23,5,18,68,6,62,239,30,209,0,0,0,222,22,200,16,2,14,17,1,16
The College of Health Care Professions-McAllen Campus,,,,,,,,,,,,,,,,,,,,,,,,,,291,0,0,0,0,0,0,1,0,1,281,63,218,0,0,0,5,3,2,1,0,1,3,2,1
The College of Health Care Professions-Northwest,,,,,,,,,,,,,,,,,,,,,,,,,,1296,4,1,3,24,7,17,455,41,414,509,61,448,1,0,1,227,22,205,24,3,21,52,4,48
The College of Health Care Professions-San Antonio,,,,,,,,,,,,,,,,,,,,,,,,,,414,2,0,2,5,2,3,43,13,30,251,58,193,0,0,0,89,22,67,11,3,8,13,2,11
The College of Health Care Professions-South San Antonio,,,,,,,,,,,,,,,,,,,,,,,,,,,,,,,,,,,,,,,,,,,,,,,,,,
The College of Health Care Professions-Southwest Houston,,,,,,,,,,,,,,,,,,,,,,,,,,401,2,0,2,11,0,11,120,14,106,232,30,202,0,0,0,24,3,21,3,0,3,9,1,8
The Culinary School of Fort Worth,,,,,,,,,,,,,,,,,,,,,,,,,,,,,,,,,,,,,,,,,,,,,,,,,,
The Healthcare Institute,,,,,,,,,,,,,,,,,,,,,,,,,,64,0,0,0,5,0,5,11,0,11,37,6,31,2,2,0,9,1,8,0,0,0,0,0,0
The King's University,,,,,,,,,,,,,,,,,,,,,,,,,,450,5,3,2,18,11,7,46,25,21,56,26,30,3,2,1,300,138,162,20,8,12,2,1,1
The Recording Conservatory of Austin,,,,,,,,,,,,,,,,,,,,,,,,,,52,0,0,0,1,0,1,8,8,0,8,0,8,0,0,0,34,29,5,0,0,0,1,1,0
The Salon Professional Academy-Georgetown,,,,,,,,,,,,,,,,,,,,,,,,,,,,,,,,,,,,,,,,,,,,,,,,,,
The Salon Professional Academy-Lewisville,,,,,,,,,,,,,,,,,,,,,,,,,,61,1,0,1,0,0,0,8,0,8,9,0,9,0,0,0,43,0,43,0,0,0,0,0,0
The University of Texas at Arlington,473,4,2,2,127,103,24,14,8,6,22,16,6,5,3,2,294,211,83,3,3,0,1,1,0,32775,104,40,64,3691,1761,1930,4780,1440,3340,8580,3313,5267,73,23,50,12608,4536,8072,1098,463,635,722,336,386
The University of Texas at Austin,1512,7,4,3,144,107,37,61,35,26,81,50,31,0,0,0,1195,850,345,12,5,7,0,0,0,40168,57,35,22,8315,4292,4023,1672,634,1038,9077,4013,5064,59,25,34,17058,8121,8937,1443,632,811,367,191,176
The University of Texas at Dallas,373,0,0,0,99,82,17,6,3,3,10,10,0,1,1,0,232,184,48,5,5,0,2,2,0,17350,37,21,16,5115,2781,2334,1028,538,490,3199,1718,1481,41,21,20,6186,3863,2323,747,404,343,358,176,182
The University of Texas at El Paso,346,0,0,0,49,36,13,4,4,0,97,65,32,0,0,0,190,138,52,4,3,1,0,0,0,20521,29,14,15,179,74,105,513,280,233,17088,7768,9320,28,20,8,1292,662,630,169,87,82,121,65,56
The University of Texas at San Antonio,455,4,3,1,89,73,16,22,13,9,49,25,24,0,0,0,255,181,74,33,22,11,0,0,0,24724,40,20,20,1361,668,693,2272,967,1305,13315,6404,6911,50,28,22,6097,3377,2720,781,380,401,191,111,80
The University of Texas at Tyler,119,1,1,0,14,11,3,7,4,3,3,3,0,0,0,0,94,57,37,0,0,0,0,0,0,7032,22,12,10,244,118,126,670,250,420,1254,566,688,5,3,2,4163,1844,2319,393,168,225,153,82,71
The University of Texas Health Science Center at Houston,272,0,0,0,56,41,15,5,5,0,17,11,6,0,0,0,188,118,70,1,1,0,5,4,1,677,2,1,1,104,21,83,73,6,67,202,20,182,5,2,3,248,33,215,18,4,14,12,2,10
The University of Texas Health Science Center at San Antonio,255,1,0,1,41,31,10,5,4,1,29,15,14,0,0,0,176,126,50,0,0,0,3,3,0,852,4,2,2,74,21,53,29,15,14,332,97,235,1,1,0,347,113,234,38,9,29,19,6,13
The University of Texas MD Anderson Cancer Center,,,,,,,,,,,,,,,,,,,,,,,,,,339,0,0,0,77,21,56,38,15,23,96,26,70,2,1,1,85,24,61,8,4,4,6,2,4
The University of Texas Medical Branch at Galveston,240,0,0,0,49,31,18,7,5,2,15,11,4,0,0,0,153,107,46,0,0,0,0,0,0,739,1,0,1,117,33,84,77,21,56,153,23,130,1,1,0,335,35,300,14,1,13,23,3,20
The University of Texas of the Permian Basin,53,1,0,1,6,5,1,0,0,0,3,1,2,0,0,0,41,29,12,0,0,0,0,0,0,5755,41,22,19,171,87,84,300,144,156,2612,1103,1509,14,8,6,2086,895,1191,58,23,35,388,168,220
The University of Texas Rio Grande Valley,434,2,1,1,77,58,19,13,11,2,99,50,49,0,0,0,216,158,58,14,12,2,7,5,2,24023,4,0,4,308,147,161,114,65,49,21904,9552,12352,16,8,8,615,320,295,68,31,37,442,196,246
The University of Texas System Office,,,,,,,,,,,,,,,,,,,,,,,,,,,,,,,,,,,,,,,,,,,,,,,,,,
The Vocational Nursing Institute Inc,,,,,,,,,,,,,,,,,,,,,,,,,,18,0,0,0,0,0,0,16,2,14,1,0,1,0,0,0,1,0,1,0,0,0,0,0,0
Tint School of Makeup and Cosmetology-Dallas,,,,,,,,,,,,,,,,,,,,,,,,,,14,0,0,0,0,0,0,3,0,3,9,0,9,0,0,0,0,0,0,0,0,0,0,0,0
Tint School of Makeup and Cosmetology-Irving,,,,,,,,,,,,,,,,,,,,,,,,,,117,0,0,0,1,0,1,45,0,45,52,2,50,0,0,0,11,0,11,0,0,0,2,0,2
Toni & Guy Hairdressing Academy-Plano,,,,,,,,,,,,,,,,,,,,,,,,,,218,2,0,2,9,2,7,12,0,12,55,10,45,0,0,0,136,7,129,1,0,1,3,1,2
Tonsorial Arts Barber College,,,,,,,,,,,,,,,,,,,,,,,,,,,,,,,,,,,,,,,,,,,,,,,,,,
Total Transformation Institute of Cosmetology,,,,,,,,,,,,,,,,,,,,,,,,,,54,1,0,1,0,0,0,1,0,1,22,1,21,0,0,0,28,1,27,0,0,0,2,0,2
Trend Barber College,,,,,,,,,,,,,,,,,,,,,,,,,,48,0,0,0,0,0,0,45,40,5,3,0,3,0,0,0,0,0,0,0,0,0,0,0,0
Trend Barber College,,,,,,,,,,,,,,,,,,,,,,,,,,132,0,0,0,0,0,0,108,95,13,21,16,5,0,0,0,3,0,3,0,0,0,0,0,0
Tri-State Cosmetology Institute,,,,,,,,,,,,,,,,,,,,,,,,,,152,0,0,0,0,0,0,10,1,9,119,11,108,0,0,0,17,3,14,2,0,2,4,0,4
Trinity University,173,1,0,1,12,7,5,5,3,2,18,11,7,0,0,0,135,82,53,0,0,0,2,1,1,2298,7,2,5,142,63,79,95,52,43,477,212,265,0,0,0,1266,602,664,113,52,61,48,20,28
Trinity Valley Community College,,,,,,,,,,,,,,,,,,,,,,,,,,4738,24,12,12,32,12,20,751,417,334,332,198,134,4,0,4,2777,1037,1740,694,240,454,119,84,35
Tulsa Welding School-Houston,,,,,,,,,,,,,,,,,,,,,,,,,,945,4,4,0,3,3,0,253,240,13,336,327,9,1,1,0,244,232,12,34,33,1,70,65,5
Tyler Junior College,,,,,,,,,,,,,,,,,,,,,,,,,,11493,53,28,25,126,58,68,2345,981,1364,2302,949,1353,20,15,5,6038,2495,3543,375,162,213,142,68,74
UCAS Univeristy of Cosmetology Arts & Sciences-La Joya,,,,,,,,,,,,,,,,,,,,,,,,,,60,0,0,0,0,0,0,0,0,0,60,1,59,0,0,0,0,0,0,0,0,0,0,0,0
UCAS University of Cosemtology Arts & Sciences-McAllen,,,,,,,,,,,,,,,,,,,,,,,,,,152,0,0,0,0,0,0,2,0,2,148,2,146,0,0,0,2,0,2,0,0,0,0,0,0
UCAS University of Cosmetology Arts & Sciences,,,,,,,,,,,,,,,,,,,,,,,,,,26,0,0,0,0,0,0,0,0,0,25,2,23,0,0,0,1,0,1,0,0,0,0,0,0
UCAS University of Cosmetology Arts & Sciences-Harlingen,,,,,,,,,,,,,,,,,,,,,,,,,,105,0,0,0,0,0,0,0,0,0,102,3,99,0,0,0,1,0,1,0,0,0,0,0,0
UCAS University of Cosmetology Arts & Sciences-San Antonio 410,,,,,,,,,,,,,,,,,,,,,,,,,,57,0,0,0,0,0,0,4,0,4,50,5,45,0,0,0,3,0,3,0,0,0,0,0,0
Universal Technical Institute of Texas Inc.,,,,,,,,,,,,,,,,,,,,,,,,,,1654,7,7,0,32,31,1,226,220,6,704,688,16,5,5,0,543,518,25,105,101,4,30,30,0
Universal Technical Institute-Dallas Fort Worth,,,,,,,,,,,,,,,,,,,,,,,,,,1090,11,10,1,19,19,0,89,84,5,417,409,8,4,4,0,438,421,17,80,75,5,32,31,1
University of Dallas,84,1,0,1,1,1,0,0,0,0,3,2,1,0,0,0,75,57,18,2,1,1,0,0,0,1407,10,5,5,78,34,44,28,18,10,304,126,178,6,2,4,875,397,478,44,22,22,19,6,13
University of Houston,713,1,1,0,140,94,46,30,19,11,55,31,24,1,1,0,481,355,126,5,3,2,0,0,0,35995,38,23,15,7970,4202,3768,3640,1649,1991,11845,5735,6110,74,45,29,9175,5110,4065,1213,604,609,408,199,209
University of Houston-Clear Lake,146,0,0,0,23,17,6,8,4,4,3,0,3,0,0,0,112,71,41,0,0,0,0,0,0,5570,12,4,8,347,160,187,452,127,325,2112,658,1454,7,4,3,2334,885,1449,143,56,87,71,45,26
University of Houston-Downtown,161,1,0,1,29,19,10,12,4,8,10,6,4,0,0,0,106,58,48,2,2,0,0,0,0,12865,47,17,30,1159,635,524,2743,901,1842,5907,2178,3729,22,7,15,2033,948,1085,155,66,89,147,77,70
University of Houston-System Administration,,,,,,,,,,,,,,,,,,,,,,,,,,,,,,,,,,,,,,,,,,,,,,,,,,
University of Houston-Victoria,48,0,0,0,15,12,3,0,0,0,5,2,3,1,1,0,25,13,12,0,0,0,0,0,0,3248,22,6,16,196,87,109,500,179,321,1141,376,765,2,1,1,1041,379,662,292,30,262,12,4,8
University of Mary Hardin-Baylor,59,0,0,0,5,3,2,0,0,0,1,1,0,0,0,0,51,23,28,0,0,0,1,1,0,3278,27,13,14,50,14,36,486,212,274,675,229,446,12,5,7,1846,660,1186,85,31,54,56,22,34
University of North Texas,609,1,1,0,92,65,27,21,10,11,34,22,12,0,0,0,425,289,136,7,5,2,16,12,4,31241,103,42,61,1799,880,919,3950,1724,2226,7320,3385,3935,28,16,12,14299,7024,7275,2262,1030,1232,248,163,85
University of North Texas at Dallas,14,0,0,0,4,3,1,1,0,1,3,2,1,0,0,0,6,1,5,0,0,0,0,0,0,2263,7,2,5,38,22,16,751,222,529,1137,363,774,2,1,1,250,83,167,36,11,25,17,4,13
University of North Texas Health Science Center,66,1,1,0,17,15,2,0,0,0,1,1,0,0,0,0,46,33,13,0,0,0,0,0,0,,,,,,,,,,,,,,,,,,,,,,,,,
University of North Texas System,,,,,,,,,,,,,,,,,,,,,,,,,,,,,,,,,,,,,,,,,,,,,,,,,,
University of Phoenix-Texas,,,,,,,,,,,,,,,,,,,,,,,,,,2256,3,1,2,9,5,4,333,140,193,369,189,180,8,5,3,166,104,62,21,9,12,1312,750,562
University of St Thomas,79,0,0,0,4,2,2,2,2,0,8,3,5,0,0,0,59,40,19,3,3,0,1,0,1,1768,4,0,4,206,72,134,123,45,78,753,292,461,3,2,1,436,199,237,47,17,30,35,14,21
University of Texas Health Science Center at Tyler,2,0,0,0,1,1,0,0,0,0,0,0,0,0,0,0,1,1,0,0,0,0,0,0,0,,,,,,,,,,,,,,,,,,,,,,,,,
University of Texas Southwestern Medical Center,270,0,0,0,60,47,13,3,2,1,7,5,2,0,0,0,196,153,43,1,1,0,3,2,1,,,,,,,,,,,,,,,,,,,,,,,,,
University of the Incarnate Word,136,0,0,0,9,6,3,5,1,4,28,14,14,0,0,0,91,40,51,0,0,0,0,0,0,6423,11,5,6,123,56,67,471,220,251,3671,1294,2377,19,7,12,1244,533,711,95,48,47,392,144,248
Valley Grande Institute for Academic Studies,,,,,,,,,,,,,,,,,,,,,,,,,,293,0,0,0,0,0,0,0,0,0,293,56,237,0,0,0,0,0,0,0,0,0,0,0,0
Vernon College,,,,,,,,,,,,,,,,,,,,,,,,,,2972,36,12,24,62,31,31,237,82,155,616,209,407,2,0,2,1909,740,1169,88,34,54,22,12,10
Vet Tech Institute of Houston,,,,,,,,,,,,,,,,,,,,,,,,,,292,1,0,1,1,1,0,24,0,24,111,9,102,5,0,5,111,17,94,13,0,13,25,3,22
Victoria Beauty College Inc,,,,,,,,,,,,,,,,,,,,,,,,,,127,0,0,0,0,0,0,18,5,13,69,13,56,0,0,0,37,2,35,2,1,1,1,0,1
Victoria College,49,0,0,0,0,0,0,1,0,1,2,1,1,0,0,0,45,15,30,0,0,0,0,0,0,4000,10,4,6,77,33,44,200,58,142,1796,579,1217,4,2,2,1839,670,1169,54,21,33,20,11,9
Vista College,,,,,,,,,,,,,,,,,,,,,,,,,,4701,65,18,47,29,11,18,1252,359,893,2042,697,1345,11,3,8,1101,342,759,104,37,67,95,25,70
Vista College-Online,,,,,,,,,,,,,,,,,,,,,,,,,,529,6,1,5,2,0,2,178,37,141,127,30,97,3,0,3,155,27,128,24,2,22,34,7,27
Vogue College of Cosmetology,,,,,,,,,,,,,,,,,,,,,,,,,,136,0,0,0,4,0,4,14,3,11,85,8,77,0,0,0,29,0,29,4,2,2,0,0,0
Vogue College of Cosmetology-McAllen,,,,,,,,,,,,,,,,,,,,,,,,,,224,0,0,0,0,0,0,2,2,0,177,10,167,0,0,0,40,1,39,5,1,4,0,0,0
Vogue College of Cosmetology-San Antonio Fredericksburg,,,,,,,,,,,,,,,,,,,,,,,,,,189,0,0,0,0,0,0,14,2,12,117,8,109,0,0,0,54,4,50,4,0,4,0,0,0
Vogue International Academy,,,,,,,,,,,,,,,,,,,,,,,,,,,,,,,,,,,,,,,,,,,,,,,,,,
Wade College,,,,,,,,,,,,,,,,,,,,,,,,,,181,3,0,3,3,0,3,80,13,67,33,10,23,1,0,1,45,2,43,10,1,9,6,2,4
Wade Gordon Hairdressing Academy,,,,,,,,,,,,,,,,,,,,,,,,,,90,0,0,0,0,0,0,1,1,0,30,3,27,0,0,0,51,0,51,7,0,7,1,1,0
Wade Gordon Hairdressing Academy,,,,,,,,,,,,,,,,,,,,,,,,,,,,,,,,,,,,,,,,,,,,,,,,,,
Wade Gordon Hairdressing Academy-Lubbock,,,,,,,,,,,,,,,,,,,,,,,,,,51,0,0,0,0,0,0,4,0,4,21,4,17,0,0,0,24,2,22,2,0,2,0,0,0
Wayland Baptist University,,,,,,,,,,,,,,,,,,,,,,,,,,3788,43,24,19,73,32,41,630,334,296,1122,498,624,47,29,18,1526,816,710,157,84,73,133,67,66
Weatherford College,,,,,,,,,,,,,,,,,,,,,,,,,,5619,29,12,17,62,22,40,157,64,93,962,360,602,8,2,6,4125,1567,2558,127,47,80,56,19,37
West Coast University-Dallas,,,,,,,,,,,,,,,,,,,,,,,,,,548,2,0,2,112,33,79,126,16,110,105,8,97,3,0,3,179,34,145,21,1,20,0,0,0
West Texas A & M University,115,3,3,0,11,7,4,1,1,0,3,2,1,0,0,0,96,66,30,0,0,0,1,0,1,7389,36,18,18,105,38,67,377,203,174,1989,835,1154,10,7,3,4446,1915,2531,170,71,99,121,66,55
Western Technical College,,,,,,,,,,,,,,,,,,,,,,,,,,530,0,0,0,6,5,1,54,39,15,352,210,142,5,2,3,101,71,30,7,4,3,5,3,2
Western Technical College,,,,,,,,,,,,,,,,,,,,,,,,,,1082,5,4,1,3,3,0,40,35,5,839,723,116,5,4,1,171,164,7,11,11,0,8,8,0
Western Texas College,,,,,,,,,,,,,,,,,,,,,,,,,,2177,8,7,1,40,28,12,134,95,39,672,333,339,2,1,1,1245,649,596,32,19,13,0,0,0
Wharton County Junior College,,,,,,,,,,,,,,,,,,,,,,,,,,7072,26,15,11,808,418,390,862,365,497,2755,1170,1585,16,6,10,2495,1149,1346,106,48,58,3,1,2
Wiley College,,,,,,,,,,,,,,,,,,,,,,,,,,1279,3,2,1,2,2,0,1021,392,629,35,19,16,1,0,1,29,14,15,0,0,0,71,36,35
William Edge Institute,,,,,,,,,,,,,,,,,,,,,,,,,,37,0,0,0,2,0,2,5,0,5,19,0,19,0,0,0,11,0,11,0,0,0,0,0,0
Yahweh Beauty Academy,,,,,,,,,,,,,,,,,,,,,,,,,,29,1,0,1,0,0,0,20,3,17,4,1,3,0,0,0,2,0,2,0,0,0,2,0,2